,barcode_sequence,louvain,target
0,GACTACAAGGGCTCTC,5,0
1,CACATAGTCCGTCATC,0,1
2,CACACCTTCCGTAGGC,6,2
3,CAGATCAAGTCACGCC,6,2
4,GGAGCAACACAGGTTT,10,0
5,CCTACCAAGATCTGAA,0,1
6,GACGCGTTCCAGGGCT,0,1
7,CCGTTCACAAGTCTAC,0,1
8,TCATTACAGACACTAA,0,1
9,TTTACTGGTAAATGTG,0,2
10,ACCAGTATCGTTACAG,0,1
11,GATGAGGAGCCATCGC,0,1
12,CTCTAATGTACTCTCC,0,1
13,CCTATTAAGCCAGTAG,6,2
14,CCGTACTAGTGTTTGC,0,1
15,AAGGCAGCATGGGAAC,0,1
16,GTAGGCCCACTTCTGC,0,1
17,CATGACATCCGAGCCA,1,0
18,GGGAGATGTTCTCATT,9,0
19,CACTCCAGTTTGACAC,0,1
20,GCTCTGTTCCTACAGA,0,1
21,TTCGAAGGTACTTCTT,0,1
22,ATCATCTTCCTAGGGC,0,1
23,TGGGCGTCACTACAGT,0,1
24,TGACAACTCCGATATG,0,1
25,GCATGTACATTTGCTT,6,2
26,GTAGTCATCGTTTATC,6,2
27,CCTCAGTCATTCTCAT,10,0
28,CTAGAGTGTACCCAAT,5,0
29,TGCCCATGTTCCCTTG,0,1
30,TCTGGAACACACGCTG,0,1
31,CGCGTTTCAGCTGTTA,0,1
32,CTCATTAGTCTGATTG,0,1
33,GCGCCAAGTGTGACCC,0,1
34,GCATGCGCACATCTTT,0,1
35,CCTCTGATCTTAACCT,0,1
36,CCGGTAGCACTATCTT,9,0
37,GATCGATTCATCGCTC,0,1
38,TAGAGCTGTCTAGTGT,5,0
39,TAGACCACATCCTAGA,6,2
40,GAGCAGATCTTAGCCC,0,1
41,TCACGAAGTCTTTCAT,0,1
42,TCAACGAAGTAGGTGC,1,0
43,GCAATCACAATCACAC,4,3
44,CTAAGACGTAAGCACG,6,2
45,CGTCTACCACTTCGAA,0,1
46,TTTGTCATCAACACTG,0,1
47,ACTATCTTCTTTAGTC,0,1
48,CAGCAGCCACAGATTC,0,1
49,CCGGGATTCGGCTACG,0,1
50,CGAGCCAAGTAGCGGT,0,1
51,GGCAATTGTCTTGTCC,9,0
52,TTAGGCACAGGTCCAC,0,1
53,GATTCAGAGGGATACC,6,2
54,ATCTACTAGAACAATC,6,2
55,CTAGCCTAGCATCATC,0,1
56,CGCGTTTGTCTAACGT,5,0
57,CTGATCCAGTCCTCCT,0,1
58,TTGCGTCCATGTCGAT,4,3
59,CTTCTCTGTATCAGTC,5,0
60,GATGAGGCACAACTGT,1,0
61,GTGCAGCTCCGCAGTG,0,1
62,ACACTGACAACACCCG,5,0
63,ACGGGTCTCTTTACGT,0,1
64,CAAGGCCAGGACTGGT,5,0
65,TTGCCGTTCCAAAGTC,0,1
66,ACTGAACCACATGACT,1,0
67,GACAGAGGTTCCATGA,6,2
68,CATGGCGCAAGGGTCA,4,3
69,AGGGTGATCGCTGATA,6,2
70,TTCTCAAAGGAGTAGA,6,2
71,CATCAGAAGTAATCCC,10,0
72,CGTGAGCCAATGGAGC,5,0
73,CATCAGACATGTCGAT,0,1
74,TCATTTGCACGTAAGG,5,0
75,ATTGGACGTGTGAAAT,0,1
76,CCATTCGAGGCATTGG,0,1
77,TGTGTTTTCGCCTGAG,0,1
78,CCATGTCTCACCGGGT,10,0
79,CAGGTGCGTCTAAACC,6,2
80,GCTGCAGCAATGGAGC,0,1
81,ATGCGATAGAGTAAGG,10,0
82,CGTAGCGTCCGTAGGC,5,0
83,GAGCAGAAGGCCCGTT,9,0
84,GATGCTAGTATCGCAT,3,4
85,CGAACATAGATCCCGC,2,3
86,GTTCATTCATCACCCT,2,3
87,AGGTCATCAATAAGCA,0,1
88,CACCAGGCATTCCTGC,5,0
89,ATCTGCCCATACCATG,0,1
90,ACGATACAGCCTTGAT,6,2
91,CTTAGGAAGCCACTAT,10,0
92,GGCAATTCAATCACAC,6,2
93,GTCATTTAGCGTTTAC,8,2
94,TATGCCCCAGGGAGAG,1,0
95,TGAAAGAAGCAGATCG,6,2
96,TGGACGCAGCGTCTAT,6,2
97,GGCTCGAGTATGAATG,5,0
98,TGGCGCAGTAGATTAG,10,0
99,TGACGGCAGTTTAGGA,0,1
100,TGGGAAGTCGAGGTAG,6,2
101,GAAGCAGGTCCGAAGA,5,0
102,TGGTTCCCACACATGT,5,0
103,CGATGGCTCCTCCTAG,0,1
104,GACTAACAGCTAGCCC,2,3
105,TGATTTCTCCTCGCAT,0,1
106,GTGCTTCGTAGAGGAA,0,1
107,TGGTTCCGTCAAAGCG,2,3
108,GCCTCTAAGTTACGGG,2,3
109,GCGCAACCAATGGTCT,0,1
110,GACTACAGTTCCCGAG,8,2
111,CCCAATCTCGGTCCGA,0,1
112,AAACCTGTCCTTTCTC,6,2
113,ATAGACCTCGTAGGAG,0,1
114,CTGTTTAAGGCTCTTA,2,3
115,CGCGGTACAAAGTCAA,6,2
116,TTGACTTCACGACTCG,0,1
117,ACTGATGTCTAACTTC,1,0
118,CAAGTTGTCTCGATGA,1,0
119,ATTATCCGTCCAGTTA,0,1
120,TGCCAAACAGATCCAT,2,3
121,CAAGGCCGTCCGACGT,0,1
122,CCCATACCACACGCTG,9,0
123,CCACGGATCTGTTTGT,6,2
124,CTCTGGTAGTCCTCCT,0,1
125,TCGCGTTTCAGGTAAA,0,1
126,GCTGCAGTCAGCCTAA,1,0
127,GATCTAGAGATATGCA,5,0
128,CTGTGCTAGTTTCCTT,6,2
129,CACCTTGTCATAGCAC,9,0
130,CAACTAGCAATACGCT,5,0
131,AAACCTGGTCTAACGT,4,3
132,ACATCAGTCGTCACGG,6,2
133,GTGCAGCGTGCGATAG,0,1
134,GTATCTTTCATGGTCA,10,0
135,TCTCTAACAGATCCAT,6,2
136,CAGCATACAGCGATCC,8,2
137,TCTGGAAGTCCTCTTG,0,1
138,GAGTCCGCACGGCCAT,1,0
139,GCAGCCAGTCTTTCAT,5,0
140,ACAGCTACAGGACGTA,0,1
141,ACGTCAAGTTTAAGCC,0,1
142,GCATGATTCATTATCC,0,1
143,TATGCCCAGCGACGTA,5,0
144,ATCTGCCAGCTATGCT,10,0
145,TCAGGATAGTACGCCC,6,2
146,CTAGAGTGTAGCGTCC,0,1
147,AAGTCTGCAAGCCTAT,0,1
148,CCCATACTCGTTACGA,0,1
149,AGTGAGGCACCCATGG,5,0
150,CAGATCACAAAGTCAA,4,3
151,CCTACCAGTAAACCTC,2,3
152,AAGTCTGCACCAGGCT,10,0
153,CAAGAAATCTGTCAAG,5,0
154,CTGGTCTTCACCATAG,0,1
155,GTCGGGTCATGTAAGA,2,3
156,GCCAAATGTCCTGCTT,0,1
157,CTGGTCTCAGCTGTTA,4,3
158,CGGACACAGGGTCGAT,2,3
159,CGACCTTAGCAGCCTC,2,3
160,CAGTCCTGTGAGCGAT,6,2
161,CCGTACTTCATGGTCA,0,1
162,AGGGTGAGTCCCGACA,0,1
163,CCTAAAGGTAAGGGCT,1,0
164,TGCGCAGCAGCCACCA,9,0
165,AGAATAGCACACCGCA,4,3
166,CTCTAATCACTGTTAG,1,0
167,GTCTTCGTCATGTGGT,0,1
168,GGACAGAGTTAGTGGG,10,0
169,TCGCGAGGTACAGTTC,0,1
170,GTACTTTGTCTCATCC,0,1
171,TGCGTGGCATAACCTG,1,0
172,TCGTACCTCGTTTATC,5,0
173,GAACGGAAGCCACTAT,4,3
174,ACTATCTGTCATTAGC,4,3
175,AGTGGGAAGATATACG,0,1
176,TGATTTCAGGATATAC,1,0
177,CGACTTCAGATCCCGC,8,2
178,TGAGAGGAGGTCATCT,0,1
179,GCATGTACATGTCGAT,2,3
180,TTGACTTAGACAGACC,1,0
181,TACTTACGTCAAAGAT,5,0
182,CTTCTCTGTGGGTCAA,4,3
183,CATTATCTCCAGTAGT,8,2
184,GGGATGAAGATGGGTC,0,1
185,TCATTTGGTTCCGTCT,8,2
186,TCAGCTCAGTCACGCC,5,0
187,CTAACTTCACGGCGTT,8,2
188,CAGATCATCCGTTGTC,1,0
189,AGAGCGAGTATCGCAT,5,0
190,CGCTGGAGTATTACCG,10,0
191,GATCGATAGTACGACG,6,2
192,CCCAATCCAATGTTGC,2,3
193,TTGTAGGGTGACCAAG,1,0
194,TGCGCAGGTTGATTGC,1,0
195,GACCTGGCACACAGAG,0,1
196,CGAACATCACGTAAGG,6,2
197,CATCAGAAGTACGTTC,1,0
198,GAAACTCAGGTGTGGT,5,0
199,ATTCTACTCAAGGCTT,0,1
200,ATGCGATGTCAACATC,0,1
201,ACGCCGAAGCGATATA,0,1
202,GAGGTGACAATGACCT,1,0
203,CTCCTAGCAATGGTCT,2,3
204,GGCGACTAGCGTCAAG,5,0
205,AACTCTTGTGACTCAT,6,2
206,GTAGGCCTCGCCTGTT,10,0
207,CACTCCATCAGGATCT,8,2
208,TGTCCCAGTGGCTCCA,10,0
209,TGAAAGAGTAAACCTC,1,0
210,TAGGCATCACTGCCAG,3,4
211,ATCACGACACCAACCG,0,1
212,TCGTACCTCGGCTTGG,5,0
213,CTCGTACAGACAAAGG,6,2
214,GACGCGTAGAAACCGC,6,2
215,CCTTTCTGTCATGCAT,5,0
216,ACGGGCTCAACGCACC,5,0
217,AACCGCGGTGAGTGAC,2,3
218,CTGATAGTCATATCGG,0,1
219,GTCAAGTCAGCTGTAT,7,3
220,TGTCCCAGTGTGCGTC,2,3
221,ATCCACCGTAATCGTC,5,0
222,TGAGAGGGTCTAGCGC,10,0
223,GACTACAAGGCATGTG,5,0
224,CTAAGACTCTCCAGGG,1,0
225,ATTGGACAGCAATCTC,1,0
226,GGGTTGCTCATCGGAT,5,0
227,CCGGTAGTCTCGTATT,4,3
228,CTCTAATTCAGTTTGG,0,1
229,GATCGTAAGTTGAGAT,5,0
230,ACTGAGTAGATAGGAG,5,0
231,GTGCATAGTGCAGGTA,5,0
232,TTAGTTCGTAAATACG,8,2
233,ATTATCCTCTGACCTC,1,0
234,CATTATCGTGGGTATG,8,2
235,TGAGCCGGTCGAACAG,2,3
236,TCAACGACAATTGCTG,5,0
237,GGACGTCTCCTAAGTG,4,3
238,GGACGTCGTCGGCATC,6,2
239,AAACCTGTCCGCGCAA,4,3
240,TACCTTATCCGTCATC,0,1
241,CCTACCAAGCCGTCGT,0,1
242,GTCAAGTAGGCGATAC,0,1
243,CATCGGGCAATGTTGC,2,3
244,ACACCGGTCTTGGGTA,1,0
245,ATCTGCCAGACATAAC,1,0
246,TCTGGAACACACCGCA,7,3
247,CTGCCTAAGTCCATAC,8,2
248,ATCACGACAGGGTTAG,1,1
249,CTGATAGTCTCGATGA,0,1
250,AGTGGGACACGCATCG,6,2
251,ACATCAGCACCCATGG,9,0
252,GCTGCGATCCCATTTA,8,2
253,CAAGTTGCACTAGTAC,10,0
254,GTTTCTAGTATTACCG,6,2
255,CCCATACCATGTCCTC,8,2
256,TAAGAGACATTCGACA,10,0
257,GTTTCTATCAGTACGT,5,0
258,TCCCGATCATCGTCGG,1,0
259,GTATCTTGTCCTCCAT,5,0
260,GTGCTTCTCCCATTTA,6,2
261,CTACCCAGTGTTGAGG,1,0
262,TCGCGTTAGCACACAG,5,0
263,ACCGTAATCGAATGGG,1,0
264,CGTCAGGGTTAAGGGC,0,1
265,TTCTACAAGAAGATTC,5,0
266,CAGCGACAGGCTCATT,1,0
267,GCTCCTAGTTAGATGA,9,0
268,GTCATTTTCGTCCGTT,1,0
269,CCGGTAGTCGACGGAA,5,0
270,ACGGAGATCAGGTAAA,1,0
271,GATGAGGAGTCCTCCT,8,2
272,GATGAGGAGCGAGAAA,5,0
273,CGTCAGGGTTCGCTAA,5,0
274,GCAATCAAGGCGTACA,3,4
275,TACGGTAAGAAGGACA,1,0
276,CTCGTCAAGACACGAC,9,0
277,AGAATAGCAATCGGTT,0,1
278,CTACCCATCCCTGACT,1,0
279,TTAGTTCAGAGTACCG,0,1
280,TGCTGCTGTTCCGTCT,2,3
281,TAGTTGGCACATTTCT,2,3
282,GCCTCTATCCCTGACT,0,1
283,AGAGCGATCGGTCTAA,10,0
284,ACTTACTTCATCGCTC,0,1
285,GAGTCCGTCTTAGAGC,6,2
286,GAGCAGAAGGTGATTA,4,3
287,ACTTTCAAGCGTAATA,5,0
288,TATGCCCTCTACTCAT,5,0
289,CGCGTTTCACAAGACG,0,1
290,CCGTACTGTTCACCTC,8,2
291,GCAATCACAGACGCCT,5,0
292,TACGGTATCTAGCACA,0,1
293,GCATACAAGCGGCTTC,0,1
294,GTGTTAGGTGGGTATG,9,0
295,ACACTGATCTTTCCTC,0,1
296,GTATCTTAGAGGGCTT,0,1
297,CAGCTGGTCAACCAAC,9,0
298,CGTTGGGTCAGCTTAG,6,2
299,AAACCTGAGAGACTAT,8,2
300,ACTGCTCAGCACCGTC,0,1
301,CTACACCGTACATCCA,2,3
302,CACATTTTCAGGCCCA,0,1
303,TGGCCAGGTTAGTGGG,4,3
304,CTAGTGACAGATCGGA,6,2
305,AAGGAGCAGAAGGTTT,1,3
306,CAGCTGGCAAGCGAGT,0,1
307,TTAGTTCTCCCGGATG,7,3
308,GAAGCAGGTAGTACCT,0,1
309,CGAACATTCCTCATTA,4,3
310,CTCGGAGGTGCGATAG,0,1
311,TTGAACGAGTCTCGGC,8,2
312,CAGATCACATGCATGT,2,3
313,AACTCCCGTTCCGGCA,0,1
314,GTGCTTCCACAACGCC,7,3
315,TGCGTGGTCTGCGACG,9,0
316,TTAGGACCACCAGGCT,2,3
317,AGCTCTCTCCGAGCCA,0,1
318,AACTCTTTCTGATACG,2,3
319,TACCTATCAGGTCCAC,10,0
320,CATCGAAGTCCGCTGA,1,0
321,ACAGCCGGTCCGAGTC,4,3
322,GTCCTCATCTAAGCCA,2,3
323,CCGTACTAGTCTTGCA,1,0
324,GAACGGAGTCTTTCAT,8,2
325,TTGGCAAGTATCACCA,5,0
326,CGTAGGCAGTGGTCCC,0,1
327,TACGGATGTATAATGG,1,0
328,AGAGCTTGTGGTCCGT,6,2
329,TCATTACAGACCTTTG,1,0
330,ACGTCAATCGTACCGG,8,2
331,ACTGTCCCAGCATACT,4,3
332,GCTTCCATCCAGTAGT,4,3
333,CGCCAAGCAGTTCATG,0,1
334,AGGTCATGTATGCTTG,8,2
335,CAAGATCCACACTGCG,7,3
336,ACCAGTAAGCCCTAAT,1,0
337,CTTACCGTCACCCTCA,5,0
338,TTTACTGTCACCTCGT,6,2
339,GCCAAATCACAGTCGC,0,1
340,AAGTCTGAGTCACGCC,0,1
341,TGGCCAGCATGCCCGA,6,2
342,CAACCAAGTACAGTGG,2,3
343,CGGAGTCAGTACTTGC,6,2
344,TGGTTAGGTCCGAACC,9,0
345,GTTACAGTCCGTTGCT,7,3
346,CGTTGGGTCCACTCCA,0,1
347,TACACGAGTGAGGGTT,1,0
348,ACCAGTATCAGGTTCA,2,3
349,ACGTCAACAAGGGTCA,0,1
350,GCATACAGTTTGACAC,1,0
351,AGCGGTCTCTCACATT,4,3
352,GACGTTACACGTGAGA,8,2
353,CGCTGGAAGGGCTTCC,1,0
354,CCCAGTTGTGATGATA,1,0
355,GTAACGTAGAGTAATC,1,0
356,GGGTTGCCATACTCTT,6,2
357,TACCTTAGTGCACTTA,0,1
358,GCCTCTATCGATAGAA,2,3
359,AAACGGGAGACTGGGT,1,0
360,GATGAAACATTCACTT,2,3
361,CAGCATAGTAGGGTAC,2,3
362,GGAAAGCAGTTCGATC,6,2
363,GAAGCAGCAGGGTACA,9,0
364,ACACCGGGTGTGACCC,5,0
365,ACGCAGCAGACAGAGA,0,1
366,GGGCATCAGGGTTCCC,6,2
367,CTGGTCTGTTCGGCAC,9,0
368,CGCTATCCATCTCGCT,0,1
369,GGTGCGTTCATTCACT,1,0
370,GCTCTGTCACCGTTGG,5,0
371,CCTTCCCGTACAGACG,1,0
372,CCTACCATCAAGGTAA,2,3
373,CTACGTCAGCGCCTTG,1,0
374,CGACCTTAGGCCGAAT,1,0
375,GAGCAGATCTAGAGTC,5,0
376,ACTGCTCTCTGCAAGT,1,0
377,TAGCCGGGTGAGCGAT,0,1
378,TACAGTGGTGACCAAG,2,3
379,AGCTCCTCATCGGAAG,4,3
380,GTTAAGCTCCCTTGCA,10,0
381,CCTCTGATCCCTTGTG,1,0
382,ACCGTAAAGGATGTAT,7,3
383,CACCACTGTCGTCTTC,0,1
384,TCAGATGTCGGCGCTA,0,1
385,ATCATCTGTAGCGTAG,1,0
386,CGGACACAGCTGGAAC,1,0
387,CGTTAGAGTTATCCGA,1,0
388,CACCTTGTCACCTCGT,2,3
389,AACACGTCAAATACAG,7,3
390,TGAAAGACACCAGATT,0,1
391,GCAGCCACAGTACACT,5,0
392,ACGGCCACAGACGCAA,0,1
393,CCTATTAGTTGTACAC,1,0
394,CAGAGAGTCTTAGCCC,1,0
395,TTCGGTCTCCGCGTTT,1,0
396,TAAACCGTCAGCTGGC,2,3
397,CATCGAAGTGTAATGA,2,3
398,CGTTAGAGTGACAAAT,2,3
399,GAACATCTCTTGCATT,1,0
400,ACGAGGAAGACGCTTT,9,0
401,CGTTGGGTCTCCGGTT,0,1
402,TTCTCCTCATGGGACA,5,0
403,CTCGGAGGTGTTTGGT,0,1
404,ACGCCGATCCATGAAC,2,3
405,AATCCAGCATCCGGGT,4,3
406,GCGGGTTTCTGTACGA,2,3
407,TTGAACGAGACCGGAT,9,0
408,CATGCCTTCGACGGAA,7,3
409,CCAATCCTCTCTTGAT,2,3
410,TGAGGGATCTTACCGC,4,3
411,GAGGTGACACGGTAAG,5,0
412,AGCGTATTCACTTACT,0,1
413,TCAGCTCCACAGACAG,2,3
414,AGGGAGTAGCATGGCA,2,3
415,ACGCCAGTCGTGACAT,5,0
416,TTAGTTCCACCGATAT,2,3
417,TTTGGTTAGGCGATAC,6,2
418,TACCTATTCTATCGCC,1,0
419,AGGGATGTCGGTCCGA,9,0
420,GGTGAAGCAACACGCC,1,0
421,CGGTTAAGTTAAAGAC,0,1
422,CTGTGCTTCTTCAACT,7,3
423,AAACGGGTCCGATATG,1,0
424,TACTCATTCACGATGT,3,4
425,TACCTATTCTCATTCA,3,4
426,GTTAAGCCACACCGCA,6,2
427,GTGTTAGGTATTCTCT,0,1
428,CTTACCGAGAGTGAGA,0,1
429,TACTTGTCAGCCAGAA,8,2
430,CTCTACGCAGCTATTG,1,0
431,TCACGAAAGGCCCTCA,0,1
432,GTCAAGTCACACGCTG,1,0
433,TTCGGTCCAACTGCGC,2,3
434,CCTTACGTCCGCAGTG,7,3
435,TACCTATAGACAAGCC,0,1
436,CTTAGGAGTTCACGGC,1,0
437,GAACCTAGTGCGGTAA,9,0
438,GCCAAATAGTCCGGTC,2,3
439,CCCAGTTAGACTGGGT,0,1
440,ATCTACTGTCAAAGCG,5,0
441,TCACAAGAGGTCGGAT,4,3
442,GTGTGCGTCCCTCTTT,4,3
443,AAGGTTCTCTGACCTC,1,0
444,GAAACTCCAGCCTTGG,10,0
445,CTAAGACGTTCAGTAC,10,0
446,TCACAAGTCCTATTCA,2,3
447,CTTACCGAGTGCGTGA,0,1
448,ATTTCTGAGACGCTTT,0,1
449,GCTCTGTAGGTGGGTT,8,2
450,CTGTGCTAGAATGTGT,1,0
451,GCATACATCTTAACCT,1,0
452,CAGTAACTCATCGGAT,1,0
453,ACACCGGGTACGACCC,2,3
454,CTAGTGATCCGCATCT,1,0
455,GTTCGGGTCCGGGTGT,5,0
456,TACTTGTTCCGATATG,2,3
457,TGACAACCACTGTGTA,0,1
458,TATGCCCAGAAACCAT,1,3
459,GTACTCCTCACAAACC,5,0
460,CGTTGGGGTCACCTAA,0,1
461,CGCTTCAAGAATGTTG,5,0
462,ATAGACCGTACCATCA,2,3
463,AAAGTAGCAAGTACCT,10,0
464,AAAGATGCACGCTTTC,0,1
465,AACTTTCAGGCATGGT,1,0
466,AACCATGTCTACCAGA,1,0
467,TCTCATAAGTTTCCTT,5,0
468,GCGGGTTAGTGCTGCC,0,1
469,CACACTCAGTCGCCGT,3,4
470,GCAAACTCACGCATCG,1,0
471,CTCGAAACAGGACCCT,0,1
472,ACTTTCATCACTGGGC,2,3
473,AACTTTCGTTACCAGT,8,2
474,AACCGCGAGCAAATCA,1,0
475,GTTAAGCAGGTCGGAT,0,1
476,GACGCGTTCGTGGACC,0,1
477,GTGCGGTTCCCTAACC,0,1
478,CACAAACAGCTGTTCA,1,0
479,CAAGTTGCAGGTCTCG,8,2
480,ATCATCTCAGTATAAG,1,0
481,TTCTCCTCACGGCCAT,6,2
482,TGTGTTTAGACTGTAA,2,3
483,ACTGAACAGAACTCGG,2,3
484,GGATGTTCACTAGTAC,1,0
485,CACTCCAGTTGATTGC,8,2
486,CTTTGCGTCGCGCCAA,5,0
487,AGACGTTCAAGGACTG,2,3
488,GGCGACTCAGCTGGCT,1,0
489,CAGCAGCAGGCACATG,4,3
490,GTCGTAAGTGGACGAT,0,1
491,GCTGCAGCAAGCGATG,2,3
492,GAATAAGGTCTCATCC,1,0
493,CAAGTTGAGAAGCCCA,2,3
494,TTGGAACGTAGCTAAA,2,3
495,TAGACCACAAGCGATG,4,3
496,AGTGAGGCAACACGCC,0,1
497,ACGGGTCTCAGTTAGC,1,0
498,CACATTTCACATCCAA,1,0
499,GCTGCTTGTAGCGATG,1,0
500,GCATGATAGCTGTTCA,4,3
501,CAGCATAGTCTCTTAT,1,0
502,TCGGGACAGGAGTACC,2,3
503,GCGCAACAGCTGCGAA,6,2
504,GGGCATCTCCCTTGCA,0,1
505,TACCTATCACATCCAA,1,0
506,GCGCAGTTCAGGCGAA,9,0
507,GGACATTTCACAACGT,7,3
508,GTACGTATCTGTACGA,5,0
509,AGGTCCGTCACAATGC,0,1
510,CTGTGCTAGGTCATCT,5,0
511,TGGTTCCAGACCTAGG,10,0
512,GGCGACTCACATTAGC,2,3
513,AAAGCAAAGATCGATA,7,3
514,ATCTGCCGTGCCTGTG,8,2
515,AGCTTGACAGTAAGCG,1,0
516,TTGGCAAGTGATAAGT,1,0
517,TGCCCATGTCAATACC,2,3
518,GGCTCGAGTTGCTCCT,0,1
519,GTGAAGGTCCGATATG,1,0
520,GACACGCAGTCAAGGC,3,4
521,GTAGTCAGTCAAACTC,2,3
522,CATCGGGTCGATCCCT,4,3
523,CGATGTAAGCAGCGTA,0,1
524,AATCGGTCAGATCGGA,10,0
525,CGATTGATCAGTTCGA,2,3
526,CCTTACGCACTTAAGC,0,1
527,CAGCCGATCAACACGT,1,0
528,CGTCCATAGAAGCCCA,0,1
529,AAGTCTGTCTCCAGGG,8,2
530,TTAGTTCGTAGCTGCC,6,2
531,CCTAAAGGTATCAGTC,1,0
532,AAGACCTGTCACTTCC,1,0
533,AGGTCCGGTTCCCGAG,2,3
534,CTCCTAGAGACACTAA,8,2
535,CGCCAAGTCAGCTCGG,6,2
536,ACTTACTTCTTGCATT,4,3
537,ACTGAGTCACCAGTTA,2,3
538,TTGGAACCAATCACAC,4,3
539,GGGTCTGTCTTTACAC,1,0
540,CGAGCCAAGCGTTCCG,8,2
541,CTCAGAAAGCACGCCT,4,3
542,CGGAGTCCAAGCCTAT,4,3
543,AGCTCCTGTGCTCTTC,0,1
544,CTTACCGAGGGTTCCC,1,0
545,GTACTCCGTCAGAATA,2,3
546,CTCTAATCAGTCACTA,0,1
547,TAGAGCTAGATGCCAG,1,0
548,ATTACTCAGTCTCAAC,0,1
549,ACTATCTCACAAGCCC,9,0
550,GGTGTTACATGTCTCC,2,3
551,CTCAGAATCCTTGACC,4,3
552,GCATGATGTTCTGAAC,2,3
553,GACAGAGTCCTCCTAG,4,3
554,GAAATGAGTTGATTGC,2,3
555,ATTCTACCATGGAATA,4,3
556,CGATGGCCATGCATGT,1,0
557,TGAGGGACAGTAGAGC,1,0
558,GGCCGATTCGCCTGTT,9,0
559,CCAATCCTCAACCATG,0,1
560,CGAGAAGGTACCGCTG,0,1
561,ATCATCTGTCGCGGTT,1,0
562,GACTGCGTCAGCTCTC,0,1
563,AGAATAGGTTGTCGCG,2,3
564,GTAGGCCGTTCATGGT,10,0
565,ATAGACCGTGCCTTGG,7,3
566,CATGACACAAGCCGTC,7,3
567,CACCAGGCACCAGGTC,0,1
568,TAGTGGTCACGGACAA,2,3
569,GACTACAGTAGGCTGA,4,3
570,GTATTCTTCCTGCTTG,4,3
571,GCAGCCACATTTCAGG,4,3
572,GCTGCTTGTGCTAGCC,4,3
573,TCTGGAATCCTTGCCA,2,3
574,GTGCATAGTAAACACA,9,0
575,GGAGCAAGTGGTGTAG,1,0
576,CTCTAATTCACAAACC,2,3
577,CTAATGGCAGCGATCC,2,3
578,TTCTTAGGTGTCCTCT,2,3
579,CTACGTCGTCGACTAT,5,0
580,ACACTGATCGCAAACT,5,0
581,TATGCCCAGCTCCTCT,2,3
582,GATGAGGTCTCGCATC,2,3
583,ATGTGTGGTCCTGCTT,0,1
584,TCGCGAGGTGTCCTCT,5,0
585,GTGAAGGCACGAAACG,9,0
586,TATCTCACAATGAATG,5,0
587,CCTACCAGTACCGGCT,1,0
588,CATATGGCAGCTCGAC,0,1
589,AAAGCAACACTGTGTA,2,3
590,CATGACAGTAACGTTC,3,4
591,CCACCTACAAACCCAT,0,1
592,CTTAGGACATGCTGGC,2,3
593,CGCCAAGTCCCTAATT,0,1
594,CGGGTCAAGCTCCTCT,1,0
595,CGCTATCTCCACGTGG,4,3
596,CAACCAAAGTCTCAAC,4,3
597,ATGGGAGAGTGCGATG,1,0
598,ATGCGATTCACCTTAT,1,0
599,AGAGTGGTCGATCCCT,1,0
600,TTTACTGCACGAGGTA,2,3
601,CAAGGCCTCCCTCTTT,7,3
602,ATGAGGGGTCTCGTTC,1,0
603,TGGACGCCAGGCTCAC,6,2
604,TCTATTGCATAACCTG,1,0
605,TAAACCGTCACGCATA,1,0
606,AACTTTCGTGGCTCCA,1,0
607,CCTATTACACCGCTAG,4,3
608,GCAAACTCATCTGGTA,4,3
609,AGGGAGTCAGCCTATA,2,3
610,AGGGTGAGTTCTGAAC,8,2
611,ACCCACTCAATGACCT,1,0
612,TCAGCAAGTCCCTTGT,1,0
613,TAGCCGGTCACGCGGT,2,3
614,GACGTTAGTATATGAG,0,1
615,ACCTTTAGTGCACGAA,8,2
616,ACATCAGCAGTCCTTC,2,3
617,CGGTTAAGTTTGACAC,6,2
618,GGGCATCGTTATCGGT,3,4
619,TCGCGTTGTAGCGTCC,2,3
620,GCATGTAAGTGAACGC,2,3
621,GCAGTTAGTACTTCTT,2,3
622,GGATTACGTCATATCG,1,0
623,GACGTTATCGTGGGAA,8,2
624,TGGTTAGAGGTGACCA,0,1
625,GGAATAAGTCGGCATC,1,0
626,CAACCAATCTCTAAGG,0,1
627,TTCTCCTCATGCAACT,1,0
628,TCGAGGCGTGACAAAT,0,1
629,GAGGTGAAGACGCAAC,0,1
630,CTTAACTAGGACATTA,7,3
631,TATGCCCGTCCAGTTA,0,1
632,GTCGTAATCAAGATCC,5,0
633,GAACATCCATTTGCTT,4,3
634,CAGGTGCCAAGGACTG,7,3
635,CAGCGACAGCGTCTAT,0,1
636,CAGAGAGAGGCTAGGT,8,2
637,TCTATTGCAGCCTTTC,2,3
638,GGAAAGCCATGCAACT,0,1
639,ATTTCTGCAGGTTTCA,2,3
640,AATCGGTGTGTAATGA,0,1
641,TCGTACCTCATTATCC,0,1
642,AATCCAGGTCTAAACC,2,3
643,AACTGGTGTGCCTGGT,1,0
644,TGATTTCAGAGACGAA,6,2
645,GGGAATGGTCTGATTG,2,3
646,GCTGCAGAGTACTTGC,7,3
647,CTTACCGCAGCTTAAC,5,0
648,GAATGAAAGGAGCGTT,2,3
649,GTAACTGAGGTGGGTT,1,0
650,GACTACACACTAAGTC,0,1
651,ATAACGCAGCATGGCA,7,3
652,GCGCAGTAGACACGAC,1,0
653,ATCCACCGTGAAGGCT,1,0
654,ACGAGGAGTCTCATCC,0,1
655,TGCACCTAGCGGATCA,6,2
656,GATGAGGTCTGCGGCA,5,0
657,CTCACACGTGTATGGG,2,3
658,TACTTGTGTATGAAAC,8,2
659,GTTCATTCAATGTTGC,1,0
660,GGTGAAGAGAGTGAGA,4,3
661,ATCATCTCATCGTCGG,5,0
662,CATGACAGTTTGGCGC,4,3
663,TTTATGCTCCAGATCA,1,0
664,GGCTCGAGTCTCAACA,2,3
665,GCAGTTAGTAAGTGTA,9,0
666,GTGCTTCCAGCTGGCT,0,1
667,GCTGCGAGTACCAGTT,2,3
668,ATTCTACAGCGCTTAT,1,0
669,ACACCCTTCCTGTACC,1,0
670,AAGACCTGTTTGTTTC,7,3
671,CTACGTCTCTAACGGT,8,2
672,ATAACGCTCGATAGAA,2,3
673,CAGCATAAGATCGGGT,4,3
674,ACCCACTGTCCGACGT,0,1
675,CTGCTGTAGCATCATC,5,0
676,CATCCACCATCTACGA,0,1
677,TGCACCTCATAGGATA,1,0
678,AAAGTAGTCATTCACT,1,0
679,ATGGGAGGTGCACCAC,8,2
680,GATCGATGTTCCATGA,1,0
681,CGTAGGCCACGCATCG,1,0
682,TTCGAAGAGTGATCGG,2,3
683,TGACTAGAGTTTAGGA,7,3
684,CGACTTCGTCAGGACA,2,3
685,TATTACCTCATGTCTT,1,0
686,CGTAGCGTCTTGTCAT,5,0
687,GTCCTCAAGCGACGTA,4,3
688,GCGCCAAGTGATAAGT,10,0
689,CTCACACCATACTCTT,6,2
690,CATCAGAAGTTACCCA,0,1
691,AGGCCACTCTTAACCT,4,3
692,GAACGGAGTCCGCTGA,4,3
693,GTCTCGTTCTGCGACG,10,0
694,GATCGATTCAACCAAC,4,3
695,CTCCTAGGTTTACTCT,4,3
696,CATATTCCAAGCCCAC,10,0
697,AAAGCAATCTGTCAAG,6,2
698,AGAATAGCATGTAAGA,4,3
699,AAGACCTAGAGGTTAT,0,1
700,GCTTGAACATTCGACA,1,0
701,CGTCACTCATGGTTGT,2,3
702,CCTAAAGAGGAGCGAG,3,4
703,GCGCCAAGTAAGAGGA,4,3
704,CCTCAGTAGGCCCTTG,9,0
705,ACGATGTCAGCAGTTT,8,2
706,TGCTACCAGGAGTTGC,7,3
707,AGGTCCGAGCTGCAAG,8,2
708,ACTTTCACAATCAGAA,1,0
709,TCACAAGAGCAGATCG,2,3
710,AGCTCCTCAAGCCGTC,4,3
711,ACCAGTACAACTGCTA,0,1
712,GACTGCGTCTCTAAGG,1,0
713,TCTTCGGTCACCAGGC,1,0
714,CATATTCGTTGGTTTG,2,3
715,CAACCAAGTTATGTGC,1,0
716,GACGCGTTCGTGGGAA,1,0
717,AGAATAGAGCTAACAA,0,1
718,TTGCGTCAGGTCATCT,4,3
719,GGCCGATGTTCCACGG,3,4
720,ACACCCTGTAGCAAAT,4,3
721,TTTACTGTCCTAAGTG,1,0
722,CGGACACAGGACTGGT,5,0
723,GGACGTCTCGGACAAG,7,3
724,CTTAACTAGCATCATC,5,0
725,CACACTCAGGGAGTAA,8,2
726,TCTCATATCGGAATCT,5,0
727,TGCGGGTAGTAACCCT,4,3
728,TTCTTAGGTCCTCCAT,2,3
729,TGTTCCGCAAGCGTAG,7,3
730,GATGCTAAGTACTTGC,1,0
731,GGTGTTATCTAACTTC,3,4
732,ATCCGAAAGCTAAGAT,4,3
733,CTGCTGTGTATGAAAC,4,3
734,CTCTGGTCACAGCGTC,0,1
735,CGGAGTCGTCACCCAG,1,0
736,AGCTTGATCTCCTATA,2,3
737,CCACGGAAGTGCCATT,0,1
738,AGTGGGAGTCTGATTG,1,0
739,GCCTCTAGTGCTCTTC,0,1
740,CGTAGGCCAGCCTTGG,4,3
741,GTGTGCGCACAGGAGT,8,2
742,GCATGATAGATAGTCA,1,0
743,TCTTCGGCACCCTATC,2,3
744,GATTCAGAGCCTATGT,2,3
745,GCATACAGTCTAGAGG,1,0
746,CAGCTAAGTGGGTATG,0,1
747,AGTGAGGTCCTGCTTG,3,4
748,ACGCCGAGTCACAAGG,7,3
749,ACACCGGTCGTTTAGG,0,1
750,TCATTTGTCGTAGATC,0,1
751,GGACAGACACCTTGTC,0,1
752,CAACCTCTCCGTAGTA,2,3
753,ACTATCTAGGACACCA,1,0
754,TCTTCGGAGATGTAAC,0,1
755,CTCGGAGTCTGCTGTC,2,3
756,AACCGCGGTTAAAGAC,9,0
757,CCATGTCGTACGACCC,4,3
758,AGAGTGGGTACTTGAC,0,1
759,AAAGCAAGTATAATGG,2,3
760,CTTTGCGCAGTCGTGC,0,1
761,ACTATCTGTACCAGTT,1,0
762,ACACTGATCATGTAGC,8,2
763,CACCAGGTCTGGTTCC,7,3
764,AAGGCAGGTCTCTTAT,2,3
765,AACTCCCTCAGCAACT,4,3
766,GTATTCTCAAGAGTCG,0,1
767,GATCTAGGTCTAGAGG,4,3
768,CCACCTAGTTTCCACC,7,3
769,ATCTGCCTCCGAAGAG,2,3
770,TGGGAAGCAGGACGTA,10,0
771,TAGAGCTGTGTCCTCT,1,0
772,GAATGAAGTTATTCTC,8,2
773,GGAACTTTCTCGAGTA,6,2
774,GTACTCCTCTTGGGTA,0,1
775,AACCGCGTCTCGGACG,0,1
776,CTCGTACCAGCTGCAC,0,1
777,CGTCCATCAAGGTTTC,3,4
778,GATGAAATCTGAGTGT,9,0
779,AGATTGCAGGTTACCT,4,3
780,AGATCTGAGAGGGATA,4,3
781,TTTACTGTCTGCGTAA,7,3
782,GTTCATTCACATTCGA,0,1
783,AGATCTGAGCTATGCT,4,3
784,CTCGGAGCATGTCGAT,2,3
785,ATCCACCCAGACAAAT,2,3
786,TGCCCTACATACCATG,1,0
787,GCGCCAACAATAAGCA,3,4
788,TGCCCATAGTTTCCTT,3,4
789,TGACTAGCAACCGCCA,2,3
790,TCTTTCCGTTATCACG,2,3
791,CGTGAGCCATGGTCAT,7,3
792,CGAATGTGTTCAGCGC,4,3
793,TCAGGTACACAGTCGC,8,2
794,GTGCATAGTCGGCATC,3,4
795,CTGGTCTAGTGGTAAT,3,4
796,ATTGGTGGTAAAGGAG,4,3
797,ACTTACTGTACTTGAC,0,1
798,CTTAACTTCAACTCTT,3,4
799,AGTCTTTTCCCTTGTG,7,3
800,TGGGCGTAGATACACA,0,1
801,TGACTTTCACGACTCG,4,3
802,CGAGAAGCATCGACGC,4,3
803,TACTCGCGTTTGACTG,5,0
804,CGGACACCATTCCTGC,3,4
805,CATCAGAGTATATGGA,3,4
806,ACTATCTCAGATGGGT,4,3
807,TAAGTGCTCGCGTAGC,2,3
808,GCACTCTTCGGTTAAC,5,0
809,CGAACATTCGCCAAAT,3,4
810,GCAGCCAAGTGGGCTA,0,1
811,CCTACCAGTTCTGAAC,0,1
812,TCTGGAATCGTAGGTT,5,0
813,GCTGCAGCATAGACTC,1,0
814,ATCATCTGTGTTCTTT,5,0
815,GATGCTAGTACAGCAG,0,1
816,TCGGGACGTTCCGTCT,0,1
817,CTGTTTATCGGTCCGA,2,3
818,AAAGTAGTCCAAACTG,5,0
819,GGCAATTGTACCCAAT,5,0
820,CACTCCACATACTACG,4,3
821,AGATCTGTCAACACTG,7,3
822,GTCACAACATTGAGCT,3,4
823,TACTTGTTCAACGGCC,0,1
824,CACTCCAGTAAAGTCA,2,3
825,GGGCACTAGACAGGCT,0,1
826,CTCGGAGAGTCTCGGC,0,1
827,TATCAGGGTGAACCTT,5,0
828,AATCGGTTCGTCTGAA,1,0
829,TTATGCTAGGTCATCT,2,3
830,ACCGTAAGTCCGTCAG,5,0
831,AGGCCACCACCAGTTA,8,2
832,CACACCTAGACAGGCT,4,3
833,ATCCACCGTTATTCTC,8,2
834,ATAGACCGTAACGACG,8,2
835,ACATCAGCACGGATAG,7,3
836,GCTGCAGGTTCCAACA,0,1
837,CCTTTCTTCCGAATGT,2,3
838,GACTAACAGTGTACCT,4,3
839,GACCAATCAGACGCTC,7,3
840,GTCACAACATCTATGG,2,3
841,ACGATACAGTTAGCGG,1,0
842,GGTATTGCATAGAAAC,8,2
843,GCGAGAAGTCCAGTAT,7,3
844,CTCCTAGGTCCGTGAC,5,0
845,CTGATAGTCGTAGATC,3,4
846,TTGCCGTCAGGGTATG,2,3
847,TCACGAATCATCGATG,7,3
848,GTTAAGCCAATAGCGG,4,3
849,CCACGGACAAGCTGTT,4,3
850,CATTCGCCACTCGACG,0,1
851,ATCACGAAGGCCATAG,7,3
852,AGACGTTCAACTGCTA,7,3
853,ATGCGATTCTGGGCCA,0,1
854,GCTGCGAGTGTAAGTA,4,3
855,CTCATTATCACGACTA,0,1
856,CGTGTCTCAGACGCAA,0,1
857,ACTGAACCACGTTGGC,0,1
858,GACTGCGTCTTCGGTC,0,1
859,CTCACACGTCCTCTTG,6,2
860,TGTGGTATCCCAGGTG,0,1
861,GGATTACGTGATGTGG,0,1
862,CTGCGGAGTGTCCTCT,2,3
863,TGGTTAGGTGCACCAC,0,1
864,GTATCTTAGTCTCAAC,3,4
865,TACACGATCGGCGCTA,3,4
866,CATGACAAGGCATTGG,2,3
867,AACTCAGTCTCCAGGG,0,1
868,GCAAACTAGCCAGAAC,3,4
869,ACTTACTCAAGAAAGG,1,0
870,AACCATGCACCTTGTC,7,3
871,GTATTCTAGAATTGTG,0,1
872,GGAATAAGTACATGTC,8,2
873,GGACAGAGTGTGCCTG,0,1
874,GCGCGATCATCAGTAC,4,3
875,GTGCATATCTGCCCTA,2,3
876,TGGGCGTCATTGTGCA,2,3
877,CGTGTCTAGTAATCCC,2,3
878,CCATTCGCACGAAACG,0,1
879,TGCACCTCAAGACACG,4,3
880,GCGCAACCAACGATGG,4,3
881,CATTCGCCAGCCAGAA,3,4
882,GTCTCGTTCGTTTAGG,7,3
883,ATTGGTGAGTACATGA,6,2
884,TCATTACCAGATCGGA,0,1
885,ACGAGCCTCCACGTTC,9,0
886,GTATCTTCATCACGTA,0,1
887,TGGACGCCAATCCGAT,7,3
888,TGAAAGAGTCGCTTCT,2,3
889,GGCCGATCATCCGCGA,7,3
890,CACAAACAGGACAGAA,3,4
891,AGCTCCTAGAAGGACA,7,3
892,TTTGGTTGTTCACGGC,1,0
893,GGAAAGCGTTTCCACC,0,1
894,GCTTGAAGTACTTAGC,1,0
895,AGGCCGTTCTTTACGT,0,1
896,CGAGAAGTCTGAAAGA,8,2
897,CTCGGAGAGACCCACC,4,3
898,TCTTTCCTCATTGCGA,0,1
899,AGACGTTTCTTGCAAG,6,2
900,CTACCCAAGGCTAGGT,6,2
901,CGACCTTAGCCGGTAA,4,3
902,AGGCCACGTATGGTTC,1,0
903,AGATCTGTCGGTCTAA,4,3
904,ACTTACTAGCGATTCT,4,3
905,CGAGAAGAGGTGATAT,1,0
906,AGGGTGATCATCGGAT,4,3
907,AGGGATGCAAGTTAAG,10,0
908,ACACCGGTCAGGCCCA,4,3
909,TTTACTGAGTGTTTGC,5,0
910,TGTCCCACACATGGGA,4,3
911,TAAACCGAGTCGATAA,5,0
912,AAACGGGTCCGAGCCA,0,1
913,TACACGACATTGAGCT,3,4
914,TCAGGATAGCTAGCCC,7,3
915,TGTGGTATCAATAAGG,2,3
916,TGCCAAATCACTTATC,5,0
917,CGATCGGCACCGTTGG,7,3
918,AGGTCCGAGAGGTTGC,0,1
919,GTATTCTAGGACCACA,4,3
920,CGATGGCTCCGCTGTT,3,4
921,GGGAGATCACTTACGA,7,3
922,ACTGAACAGGTGCACA,1,0
923,TTTGTCAAGACAGACC,0,1
924,GAAGCAGGTTGAGGTG,2,3
925,CGTGAGCCATGCTAGT,1,0
926,GCAGCCAAGACTGTAA,5,0
927,TGTATTCGTAAAGTCA,4,3
928,ATAACGCCATAGTAAG,0,1
929,ACTATCTGTGCAACGA,8,2
930,ACGCAGCTCATGGTCA,0,1
931,AAAGATGCAAGGGTCA,4,3
932,GTTCTCGAGCTGTCTA,6,2
933,GGCCGATGTCTAGCCG,9,0
934,CACACCTCATAAGACA,2,3
935,ATGCGATGTTAAAGAC,7,3
936,TTAGGCAAGTAACCCT,2,3
937,GTACGTACACGGACAA,0,1
938,CGTCAGGGTAAGAGGA,0,1
939,CAGCCGAGTGGTAACG,3,4
940,ACGCCAGGTTGGACCC,4,3
941,TACCTATTCGTCACGG,4,3
942,GTTCGGGGTTCGGCAC,7,3
943,CCCAATCTCTAACCGA,4,3
944,ATCTACTCAGCTGTTA,3,4
945,GTCACGGAGTACACCT,2,3
946,GAATGAAGTCCGTGAC,1,0
947,CGTTCTGGTTGGTGGA,5,0
948,TTGACTTCATGGTCAT,0,1
949,TCATTTGCATCATCCC,0,1
950,CAACTAGCAGATTGCT,4,3
951,TGGTTAGGTCGAACAG,3,4
952,TCTGAGACAGATCGGA,1,0
953,CACAGTACAGGTCTCG,4,3
954,AACCATGAGCGTCAAG,1,0
955,TTCTTAGTCTTCAACT,5,0
956,CATATTCCAGACTCGC,10,0
957,GGGATGAAGAAACGAG,4,3
958,GTCATTTTCGTCGTTC,0,1
959,GACACGCAGTCCCACG,4,3
960,CCTATTACAAGTTCTG,3,4
961,GCTTGAATCTTGCAAG,4,3
962,CATTCGCAGTACATGA,1,0
963,AGCTCTCCAGTAACGG,1,0
964,CGAGAAGAGGTAGCTG,1,0
965,TTGCGTCTCTTCAACT,0,1
966,GCTCTGTCATTGGGCC,4,3
967,CAGTCCTAGAGGACGG,7,3
968,GTAACTGGTCCAGTAT,4,3
969,CCTTTCTCATTATCTC,8,2
970,GCGCCAAAGCGCCTTG,3,4
971,GCAGCCAGTTTAAGCC,7,3
972,TAGTGGTAGTTTAGGA,5,0
973,GTTCGGGCAGCTCGAC,0,1
974,GTTCATTGTTCACGGC,4,3
975,TACCTTATCTTCATGT,4,3
976,AACTTTCTCAACGCTA,3,4
977,TGGGAAGAGATACACA,5,0
978,CTGATCCGTTGGTGGA,2,3
979,GGATGTTGTACCTACA,0,1
980,GAACATCGTCACTGGC,2,3
981,CACATTTGTTAAGTAG,4,3
982,TAGGCATAGATGTAAC,7,3
983,CTGCCTAGTGTGTGCC,2,3
984,ATCATGGAGACCGGAT,0,1
985,CTCTAATCAATTGCTG,7,3
986,CCTTCGACACGAGGTA,4,3
987,TGTGTTTGTTAGGGTG,2,3
988,TAAGTGCGTAAGAGAG,4,3
989,CTACCCATCTTAGCCC,0,1
990,CGATGGCGTTTAAGCC,0,1
991,CTGTTTAAGCCGGTAA,4,3
992,CGACTTCTCCAGATCA,0,1
993,CGTAGGCTCGAACGGA,8,2
994,ATTCTACCACTTGGAT,5,0
995,CGCGGTAAGGACAGCT,7,3
996,TCAATCTGTACGCACC,3,4
997,TAGTTGGCACACATGT,7,3
998,ATAACGCCAAGGCTCC,0,1
999,AGAGCGATCTTACCGC,4,3
1000,GGTATTGTCCTTCAAT,3,4
1001,CTCATTAAGTACTTGC,7,3
1002,GAACCTAGTGCCTTGG,4,3
1003,CACAGGCTCAGCACAT,8,2
1004,TTCTCAAGTTCGCGAC,7,3
1005,GTGTTAGGTGCCTGGT,1,0
1006,CTGTGCTAGCGTGTCC,5,0
1007,GACTGCGCAGGTCCAC,5,0
1008,CAACCAAGTGTGCGTC,1,0
1009,AAAGTAGCAACGATCT,3,4
1010,AGAGCGATCACCCGAG,6,2
1011,AGCCTAAAGCTCCTCT,5,0
1012,TTGACTTTCTATCCTA,3,4
1013,GCGCAGTGTGTATGGG,2,3
1014,CTAGAGTGTACCGCTG,2,3
1015,CACCAGGAGTGAATTG,9,0
1016,TTGCCGTTCACCGTAA,0,1
1017,AGCGGTCGTCCAGTGC,7,3
1018,CAAGTTGGTTTAGGAA,4,3
1019,GTTCTCGTCGTTTGCC,0,1
1020,TACAGTGCAGCCAATT,10,0
1021,GCTTCCACACGGACAA,3,4
1022,CTGGTCTTCGAGCCCA,0,1
1023,ATTGGTGGTTGTCTTT,6,2
1024,GCAGCCAGTAGAAAGG,3,4
1025,CGTTCTGTCACTCTTA,8,2
1026,ATTTCTGTCGAGGTAG,1,0
1027,GGGAGATGTACTCTCC,10,0
1028,GCTCCTAAGCGATCCC,5,0
1029,CTCAGAAGTTTGCATG,5,0
1030,TGCTGCTGTGACGCCT,7,3
1031,AGTGAGGAGCACGCCT,7,3
1032,TATCAGGGTACCATCA,4,3
1033,ACGGCCACATCCTTGC,4,3
1034,TGTATTCCATTCTTAC,4,3
1035,CTCATTAGTGTTGGGA,1,0
1036,CTTTGCGCAGGTGGAT,7,3
1037,TTAGGCATCCCAAGAT,4,3
1038,GACTACAGTTATCGGT,4,3
1039,GACCAATGTTAGGGTG,7,3
1040,CGCTGGAAGGCATTGG,6,2
1041,TTCGGTCGTGCGCTTG,1,0
1042,TTTACTGCAGATCCAT,0,1
1043,GTTAAGCTCTAACTTC,4,3
1044,CGAATGTTCGTACGGC,7,3
1045,CAAGAAAGTCTGCGGT,4,3
1046,AGTGGGAAGTTACGGG,2,3
1047,GCAATCAAGAGTACAT,7,3
1048,CTCGAAATCAATACCG,8,2
1049,GTACTCCAGAGGTTAT,5,0
1050,CGAGCACAGAATTGTG,3,4
1051,AAGTCTGTCCTGCAGG,1,0
1052,GATTCAGGTCCGAAGA,3,4
1053,CAAGTTGCATTTCAGG,5,0
1054,AAGGTTCTCTCGTATT,2,3
1055,GGATGTTTCAACGCTA,4,3
1056,ATTCTACTCGACAGCC,4,3
1057,AGTCTTTGTCGGCATC,3,4
1058,AACTCAGGTATCAGTC,4,3
1059,TGAGCATCAGATGAGC,1,0
1060,GATTCAGCAGTAGAGC,3,4
1061,AGTCTTTAGACACGAC,0,1
1062,ACGGAGATCCCTGACT,2,3
1063,ATAACGCTCATGGTCA,2,3
1064,TTTACTGAGAAGCCCA,0,1
1065,GACGTGCAGCTCAACT,2,3
1066,CGATCGGAGATGTGTA,1,0
1067,TATCTCACAGGCGATA,6,2
1068,AACCGCGTCGGTGTCG,2,3
1069,TGTTCCGTCGAATGCT,0,1
1070,CATCGGGTCCCATTTA,4,3
1071,CGACTTCAGCTGTCTA,8,2
1072,AAAGATGAGCAATATG,1,0
1073,GCTGCGATCGGCTTGG,4,3
1074,GTACGTAAGCTGAACG,3,4
1075,TGGGAAGAGAAGGCCT,1,0
1076,ATTACTCTCATTGCGA,2,3
1077,CTGCTGTTCTGTCTCG,4,3
1078,ACACTGATCAGGTTCA,2,3
1079,ACGCCGATCTGCGACG,7,3
1080,TCAGCTCGTGTGAATA,8,2
1081,GGCAATTCATAAGACA,5,0
1082,GCAAACTGTTTGGCGC,0,1
1083,CCACGGATCAAACGGG,3,4
1084,ATTCTACAGTGGGATC,1,0
1085,ACGGGTCAGTCTCAAC,2,3
1086,CACATAGCAGGTGCCT,1,0
1087,AGGTCCGCAACACCCG,3,4
1088,AAACCTGTCTGCCCTA,3,4
1089,CGTCACTAGGACACCA,0,1
1090,TAGAGCTTCAGCCTAA,7,3
1091,CACTCCACATCTCCCA,5,0
1092,GTAGTCACACGGTTTA,0,1
1093,GAATAAGTCCTAAGTG,3,4
1094,ACCGTAAGTCAGTGGA,2,3
1095,TGACAACCATTCCTGC,1,0
1096,TACACGAGTGGAAAGA,10,0
1097,GCATACAAGGTACTCT,0,1
1098,AGCGGTCAGACAGAGA,7,3
1099,AGCGGTCAGAAACCAT,7,3
1100,GACTAACGTGGTAACG,10,0
1101,CATCGGGAGCGATAGC,10,0
1102,AGGTCCGTCGGCGCTA,5,0
1103,CGTGTCTAGCTTTGGT,5,0
1104,CTACATTTCCCAAGTA,1,0
1105,CCTACCAGTAGCGATG,7,3
1106,TGAGCCGAGGCGACAT,5,0
1107,AATCGGTGTCATGCAT,4,3
1108,AACGTTGCAGCGTCCA,6,2
1109,TAGAGCTCAATCACAC,6,2
1110,TCGCGTTGTAATCACC,9,0
1111,ATCTGCCGTAGCTGCC,4,3
1112,CTGTGCTCACCAGATT,3,4
1113,TTTGCGCCAATCACAC,3,4
1114,CTACCCAGTCACTTCC,1,0
1115,GGCGACTCAATCGAAA,9,0
1116,CTGTTTAAGACTCGGA,4,3
1117,ATGTGTGTCCAGAAGG,3,4
1118,ATAGACCGTTCCTCCA,0,1
1119,CTGAAACCATCTCCCA,0,1
1120,ATGCGATGTGCCTGCA,3,4
1121,GTCACGGCAAAGGCGT,6,2
1122,GGAAAGCTCAACACCA,3,4
1123,AGACGTTCATTTGCCC,2,3
1124,TACTCGCAGCTGTCTA,8,2
1125,TTGCGTCAGATCGATA,7,3
1126,CGCTTCATCCACGTGG,3,4
1127,AGAGTGGGTACTTCTT,2,3
1128,GCTGCTTGTTCTCATT,4,3
1129,CTCGGGACATGAACCT,3,4
1130,TTGACTTAGGAGCGAG,0,1
1131,TATCTCACAAGTCTGT,4,3
1132,TTATGCTGTTGGTGGA,0,1
1133,AAGGCAGAGTAGTGCG,5,0
1134,TTTATGCAGAGCTTCT,4,3
1135,CTTACCGAGCCACGCT,1,0
1136,CTGCGGACAATGGACG,3,4
1137,CCTTCCCAGTCCATAC,3,4
1138,AAAGTAGAGGCGCTCT,0,1
1139,TAGAGCTTCGTGGACC,2,3
1140,CGATTGACAAACGCGA,3,4
1141,TCAATCTAGACACGAC,4,3
1142,GTCACAACAAGTTGTC,0,1
1143,GTGAAGGAGATAGTCA,8,2
1144,GCCTCTAAGAGCTGCA,3,4
1145,AGCTCTCCAAGCCATT,8,2
1146,CCCTCCTCAACGCACC,3,4
1147,ACTGATGAGAGTCGGT,4,3
1148,TTAACTCTCATAACCG,0,1
1149,TCGAGGCTCGTCACGG,2,3
1150,ATCATGGAGGGCTTGA,7,3
1151,CGTCCATAGGACTGGT,3,4
1152,CCGTACTTCGTCCGTT,2,3
1153,TCTTTCCTCTGCTTGC,0,1
1154,TTGACTTTCCTCCTAG,3,4
1155,GTCACGGTCCGTCATC,7,3
1156,AGGTCATAGTCATGCT,3,4
1157,ACGCAGCCAGCTGTGC,3,4
1158,AGTTGGTTCGTTGACA,5,0
1159,TGTGTTTAGTTAACGA,8,2
1160,GTGGGTCCAAAGGCGT,2,3
1161,AGTGGGACAATAAGCA,8,2
1162,TGGACGCGTCACAAGG,1,0
1163,GGGTTGCCATGGAATA,5,0
1164,GCACATACAAGTCTAC,5,0
1165,CTTGGCTCATAGACTC,3,4
1166,AACTGGTAGTCGATAA,1,0
1167,AGCGTATTCAAAGACA,7,3
1168,TACGGGCAGATATGCA,7,3
1169,AGTCTTTGTGTCCTCT,6,2
1170,CGGACACTCACGATGT,0,1
1171,CCTATTAAGTACGTTC,9,0
1172,CCGGTAGGTGGTCCGT,7,3
1173,CACCACTCATTCCTGC,3,4
1174,AGATTGCTCCTTGACC,1,0
1175,CAAGAAATCCTCAACC,3,4
1176,CAACCTCCATTGGCGC,2,3
1177,CTGTGCTCATCAGTAC,3,4
1178,CGGGTCATCGACAGCC,3,4
1179,AGGTCCGTCTGTCCGT,1,0
1180,CCCAATCGTATCTGCA,4,3
1181,ACGATACAGCACACAG,5,0
1182,TGCCCATAGAAACGAG,3,4
1183,GTAACTGCACATTCGA,6,2
1184,TTCGGTCTCAACACAC,3,4
1185,TTAGGACTCACCGTAA,6,2
1186,GACTGCGAGGCTACGA,3,4
1187,GCGCAGTTCGTATCAG,2,3
1188,CGTCTACAGTCACGCC,3,4
1189,CCGTACTGTGGTTTCA,6,2
1190,CCTAGCTTCATAGCAC,6,2
1191,TCGGTAACACCAGATT,8,2
1192,CACCTTGCATCACCCT,3,4
1193,GTGCATAGTAAATGTG,2,3
1194,CGGACTGCAACCGCCA,5,0
1195,AGTAGTCCACACATGT,6,2
1196,AACTTTCGTACTTCTT,7,3
1197,TGGGCGTGTTGTCGCG,4,3
1198,TTAGGCACACCATGTA,3,4
1199,CTACGTCAGTGAACAT,0,1
1200,CCCAGTTGTGAGGGTT,3,4
1201,GATCGATGTAAATGTG,0,1
1202,CCGGTAGGTTCTGGTA,3,4
1203,TATCAGGAGTACCGGA,3,4
1204,GAACGGATCTCGATGA,0,1
1205,TGCTACCCATAGTAAG,0,1
1206,GCTTCCATCTTCATGT,3,4
1207,TACTTACCAAGTCTGT,0,1
1208,GATCGCGGTCACACGC,9,0
1209,TCAGGTAGTAGAAGGA,6,2
1210,CCTCAGTTCCGTAGGC,5,0
1211,TCAGGTAAGGCCGAAT,1,0
1212,TGCCCTAGTTTGGGCC,0,1
1213,CAACTAGCAGGCGATA,1,0
1214,AGAATAGGTGTAATGA,0,1
1215,CTGTGCTTCGAGCCCA,7,3
1216,CCATGTCCATTTCACT,3,4
1217,TCTCTAATCATAAAGG,1,0
1218,TACTTGTGTCGAATCT,4,3
1219,TCACGAAAGGGCTCTC,4,3
1220,CATCCACTCCAGTATG,2,3
1221,ATTCTACTCAGCACAT,3,4
1222,CATCAGACACCCATGG,7,3
1223,ACGGGCTTCACTGGGC,4,3
1224,GTCCTCACATCCTAGA,6,2
1225,TTAACTCGTACGCACC,3,4
1226,GTCGTAATCGATCCCT,2,3
1227,ATTTCTGCAAGTACCT,4,3
1228,CTGTTTAAGAACTCGG,3,4
1229,CGCTTCAGTATGGTTC,1,0
1230,CACATTTAGGTGTTAA,3,4
1231,CTGAAGTCATGGATGG,1,0
1232,TCAGCTCAGGGAAACA,3,4
1233,CTGATAGCATTAGCCA,1,0
1234,GAAACTCCATGGTAGG,0,1
1235,CAGCCGAGTGATGCCC,4,3
1236,GATCGATAGGTCATCT,1,0
1237,TCAGGATAGTCACGCC,3,4
1238,CATTATCAGCCAACAG,2,3
1239,TCATTTGCATCTACGA,3,4
1240,CGATCGGCAGCGAACA,6,2
1241,TACACGAAGGTAGCTG,1,0
1242,CAGCTAAAGAATGTTG,3,4
1243,TTTGTCACACCTATCC,8,2
1244,AGCGTCGGTCATACTG,5,0
1245,CCGTGGAGTAACGCGA,3,4
1246,CGTGTAAGTACTCAAC,1,0
1247,CTGTTTATCTGGAGCC,1,0
1248,TTTGCGCAGACTCGGA,6,2
1249,TGCTACCAGTTCCACA,5,0
1250,TCTATTGAGACCTAGG,7,3
1251,TACTCATGTCAGATAA,1,0
1252,TACTTACCAAATACAG,3,4
1253,CTGTTTAGTACCGTAT,5,0
1254,CAGCTGGCATCTACGA,8,2
1255,CACCACTTCTAACTGG,1,0
1256,ACTGAACGTACAGTGG,8,2
1257,GTTAAGCGTCTCTCTG,0,1
1258,ATCATCTTCCCAACGG,5,0
1259,AGAATAGAGCTAAACA,3,4
1260,GATCGCGGTGTTTGTG,6,2
1261,CGGACTGCACACATGT,3,4
1262,ATCATGGGTTACGACT,3,4
1263,TAAACCGTCATTATCC,4,3
1264,GAATGAAGTTCCGTCT,1,0
1265,TGGGAAGGTACACCGC,0,1
1266,TCGAGGCAGGGAGTAA,0,1
1267,ACGATGTTCCAATGGT,10,0
1268,TTGGAACTCCCGGATG,6,2
1269,ATTCTACAGCGACGTA,7,3
1270,AGAGCGATCTAGCACA,4,3
1271,TCTCATACAATCTGCA,9,0
1272,CCCAGTTTCTGTCCGT,4,3
1273,TGCGGGTAGTCCAGGA,7,3
1274,CTCTACGAGGGAACGG,3,4
1275,ACATCAGTCCCTAACC,2,3
1276,GGTGTTATCTCCTATA,3,4
1277,GTAACTGCAGCGTCCA,0,1
1278,AGGTCATTCCCTTGTG,10,0
1279,CTCATTAAGCAGCGTA,3,4
1280,CACCTTGGTGCCTGCA,3,4
1281,CAACTAGAGCTAACAA,0,1
1282,CAGCGACAGTCCGTAT,1,0
1283,ACGGAGACATGACGGA,0,1
1284,GCAGCCAAGCAAATCA,0,1
1285,CGTCACTGTCACCCAG,5,0
1286,TGTTCCGTCTGAAAGA,3,4
1287,GAATAAGGTACAGTTC,4,3
1288,GGGCACTCACGTAAGG,3,4
1289,AGTCTTTTCGCAGGCT,3,4
1290,CAGCTGGAGTACTTGC,3,4
1291,AATCCAGCAACGATGG,0,1
1292,TTTGGTTTCACGGTTA,2,3
1293,ATAAGAGTCTTGTATC,6,2
1294,CCTAAAGGTGGTCTCG,1,0
1295,CACATAGTCCTCATTA,3,4
1296,CTAAGACAGAGTAATC,3,4
1297,AGGTCATTCCGAGCCA,1,0
1298,GCTGGGTAGCCACCTG,5,0
1299,TGACGGCAGGTGTGGT,3,4
1300,GCTGGGTAGTCCTCCT,8,2
1301,CAAGATCCAGCCAATT,3,4
1302,CGAGCCATCTCAACTT,9,0
1303,TGACAACAGCTTATCG,5,0
1304,GAACCTACAGACGCCT,4,3
1305,ATGGGAGAGTTTGCGT,8,2
1306,GGCGTGTAGTATTGGA,4,3
1307,CACCAGGGTTGGAGGT,8,2
1308,AGCATACCACTCTGTC,4,3
1309,CGTTGGGAGAATGTTG,0,1
1310,CGAATGTTCTCGCATC,9,0
1311,TGACAACGTTAGATGA,1,0
1312,CAGCTGGGTCATATCG,1,0
1313,CCTAGCTGTCTTCTCG,3,4
1314,CACAAACAGGACCACA,6,2
1315,CCTAAAGTCTGCAGTA,3,4
1316,GTGTTAGAGCTTATCG,2,3
1317,CACACAATCACTCCTG,2,3
1318,CTCTACGTCTCTAGGA,1,0
1319,TTGCGTCTCGCTAGCG,8,2
1320,ACCCACTTCCAAATGC,2,3
1321,TCTATTGAGTCTCCTC,3,4
1322,GACTAACGTTACGTCA,6,2
1323,TACTCATTCCTCGCAT,5,0
1324,GGCAATTAGCAGCGTA,1,0
1325,GCAATCATCCGATATG,2,3
1326,GCTTCCAAGACCTTTG,2,3
1327,GACGCGTAGGGATACC,1,0
1328,CAGCTAACATACGCTA,2,3
1329,CCTTTCTGTTGAGTTC,6,2
1330,CAACCTCAGAGTACCG,2,3
1331,TGCTACCCATGGGACA,3,4
1332,TGGTTCCCATTCCTCG,1,0
1333,CCAGCGATCGGAGGTA,8,2
1334,CGGGTCATCTGCTGCT,10,0
1335,AGAGTGGAGTCAAGGC,3,4
1336,AGACGTTAGTCCATAC,3,4
1337,GCTCTGTCACCACCAG,4,3
1338,TCTTTCCAGCTGCCCA,1,0
1339,TCTTCGGAGCAGATCG,6,2
1340,TTCTCAACAGCGATCC,8,2
1341,CTGATAGCAACTGCTA,3,4
1342,GGCGTGTCAGCTGTAT,0,1
1343,TGACTTTGTATAATGG,2,3
1344,TGGTTCCTCACCGGGT,4,3
1345,ATTTCTGAGCTTCGCG,0,1
1346,GTACTTTGTCCTCCAT,3,4
1347,CGTCTACCAATAGAGT,0,1
1348,ACTGAACCATGGGACA,1,0
1349,GTCGGGTGTTCTCATT,0,1
1350,TGTATTCTCCGTTGCT,2,3
1351,GTAACTGAGCAGCCTC,5,0
1352,TAGCCGGCAAGTCATC,3,4
1353,GAATAAGGTGCAACTT,2,3
1354,CTGTTTAAGGTGGGTT,3,4
1355,TGAGCATTCTCACATT,2,3
1356,CGCGTTTTCTATGTGG,3,4
1357,TGCGTGGGTGCGATAG,10,0
1358,GTGCAGCCAGCTGGCT,1,0
1359,AGTCTTTGTGCCTTGG,7,3
1360,GCTGCAGTCAATCTCT,5,0
1361,CTCATTAAGCTACCGC,3,4
1362,TACTTACGTATATCCG,6,2
1363,ACAGCTATCAAACGGG,3,4
1364,ACACCCTTCACAATGC,1,0
1365,GCATACAGTGCTAGCC,2,3
1366,TACTTGTTCATCACCC,0,1
1367,CTGCCTAAGAAGGTGA,1,0
1368,CAGCGACGTGCCTTGG,3,4
1369,TCTGAGATCGGCTACG,8,2
1370,GTAACTGCAGGTCTCG,5,0
1371,TCGGTAACAAGCTGTT,6,2
1372,TGCGGGTGTCATACTG,2,3
1373,GTTCATTTCCCGGATG,0,1
1374,ATGGGAGGTCTTCAAG,10,0
1375,AGGGATGTCTAGAGTC,1,0
1376,ACGGGCTTCACTCCTG,1,0
1377,GGACAAGCAATGAATG,0,1
1378,TAGGCATAGAGCTTCT,0,1
1379,CTGCCTATCGTCGTTC,4,3
1380,TAGTTGGCATTGGTAC,1,0
1381,GGCAATTTCTGTACGA,4,3
1382,ATCGAGTCAATTGCTG,4,3
1383,CACCTTGGTTAAGATG,8,2
1384,ATCCACCTCGGCATCG,1,0
1385,TTGGCAAGTGTTGAGG,0,1
1386,TGTATTCTCCCAACGG,0,1
1387,AGGGTGATCTGCGGCA,3,4
1388,GAACGGATCGCGTTTC,2,3
1389,CTCGAGGAGTTGTCGT,6,2
1390,TCATTACCAGGGATTG,1,0
1391,TTATGCTAGTGCCATT,2,3
1392,TTCTCAATCGGAAATA,2,3
1393,GCTCTGTTCGAGAGCA,3,4
1394,CTCATTATCAGGCAAG,1,0
1395,GTATCTTGTTCTGGTA,1,0
1396,CTGGTCTGTAGCGCTC,0,1
1397,CGGTTAAAGCGCCTTG,8,2
1398,GTCACGGTCACCATAG,5,0
1399,GACGTTACAAGTACCT,3,4
1400,CGTTAGAAGCTCAACT,4,3
1401,AATCCAGTCACGCATA,2,3
1402,TGCCCATAGGAATCGC,3,4
1403,TACACGATCGCACTCT,3,4
1404,GACGTGCCATCGTCGG,2,3
1405,CAAGTTGGTGCAACTT,5,0
1406,TGGCGCACATGTCCTC,1,0
1407,GGGCATCTCCTTGACC,2,3
1408,ACATGGTGTGGTCTCG,8,2
1409,ACTGCTCTCACCTCGT,2,3
1410,ACTATCTAGGGTATCG,6,2
1411,TTGAACGCACGAAATA,4,3
1412,ACGAGCCGTCGCTTTC,3,4
1413,TCTCTAATCAATCTCT,0,1
1414,CACAGGCCATTACGAC,1,0
1415,CAAGATCGTAAACCTC,5,0
1416,CCGTACTTCGCCAAAT,2,3
1417,GTAGTCACATGCATGT,4,3
1418,TCGTAGATCAGTCAGT,0,1
1419,ACTGAACTCTACTCAT,2,3
1420,ACGAGCCAGGCGCTCT,4,3
1421,TCTCATATCACTCCTG,1,0
1422,AGCTCCTAGCGCCTTG,1,0
1423,TTAGGCAAGTCATGCT,1,0
1424,CGTGAGCTCTGAAAGA,8,2
1425,GGCGTGTCATGGGAAC,3,4
1426,CGCTTCACATTCGACA,3,4
1427,TGACAACTCCCTCAGT,1,0
1428,TCACAAGCAGACACTT,3,4
1429,CTCTGGTTCGTCTGAA,3,4
1430,TCAGATGAGATCCTGT,0,1
1431,CGAGCCAGTCCAACTA,3,4
1432,ACCTTTATCGTGGTCG,2,3
1433,GTTCTCGGTACTCTCC,1,0
1434,TCTTCGGGTACATGTC,4,3
1435,GGCGACTAGTATCTCG,3,4
1436,CTAAGACGTAGCTTGT,6,2
1437,ACACCCTTCATGTGGT,1,0
1438,GGGTTGCCATTTCAGG,2,3
1439,TCAGATGAGCGATAGC,1,0
1440,CGGAGTCAGCGAAGGG,9,0
1441,CTGCGGAAGCTTTGGT,6,2
1442,CATATGGCATGTCTCC,3,4
1443,CCTTTCTGTTTCGCTC,1,0
1444,AGTAGTCGTAGCGCTC,4,3
1445,CTACGTCTCGCCAGCA,1,0
1446,CCACCTATCCTCCTAG,3,4
1447,AGCCTAAAGTGGAGAA,2,3
1448,ACTGATGGTCCGAACC,3,4
1449,CAAGAAAGTGAGGCTA,1,0
1450,CGTAGCGCAGCTCCGA,1,0
1451,CACACCTGTACGCACC,3,4
1452,GGAAAGCTCCTACAGA,1,0
1453,CCGTTCAAGTTAACGA,4,3
1454,AGCATACGTCGACTGC,0,1
1455,ATTTCTGGTTCGGGCT,8,2
1456,AAGCCGCAGCGGATCA,2,3
1457,TGAGCCGGTTTGTTTC,9,0
1458,ATTGGACAGTCTCAAC,6,2
1459,TGGCGCAGTTGCCTCT,3,4
1460,GGATGTTAGACAGGCT,5,0
1461,CGTGAGCAGACCACGA,6,2
1462,ATTCTACAGCTAGTTC,1,0
1463,AACTCAGGTCAACTGT,0,1
1464,CCTCTGAAGACCCACC,9,0
1465,TCGGGACCATTAGGCT,4,3
1466,TTCGGTCGTTCGCGAC,4,3
1467,AGGGAGTTCATCACCC,7,3
1468,GCGCCAATCTGGCGAC,4,3
1469,TAAACCGAGAGACTAT,3,4
1470,TGGGAAGGTCACCCAG,2,3
1471,CGTAGGCCAAAGAATC,1,0
1472,CCTATTAGTGCAACGA,0,1
1473,CATATGGCATGACGGA,1,0
1474,AAGTCTGAGACAGACC,8,2
1475,CCATGTCGTGAGCGAT,1,0
1476,GAGTCCGCAAGAAAGG,4,3
1477,CTCTGGTGTGGACGAT,0,1
1478,CCTTCCCTCAGAGACG,4,3
1479,AACTGGTTCTGCGACG,3,4
1480,CTAGCCTCATGTCGAT,6,2
1481,CAGAATCGTCTCTTTA,3,4
1482,GGGATGAGTAGCTAAA,3,4
1483,CCTCTGATCTCAAACG,0,1
1484,GTTCATTTCCGATATG,8,2
1485,TTGACTTTCTAAGCCA,3,4
1486,CGCCAAGTCGTACCGG,3,4
1487,CTAACTTTCAACACCA,6,2
1488,ACGGGTCCAAGTTGTC,7,3
1489,GCTGGGTAGACCTAGG,4,3
1490,TTAACTCTCCGGGTGT,1,0
1491,CACAGTATCTATCCCG,0,1
1492,AATCGGTTCCAGAAGG,1,0
1493,ACGCCAGAGCGTCTAT,8,2
1494,TCATTACGTGTAATGA,3,4
1495,TTAGGCATCTCTTATG,1,0
1496,CGTTCTGTCTTTAGGG,3,4
1497,ACGGAGATCATGCTCC,3,4
1498,TGACGGCCAGATGGGT,1,0
1499,CTGTGCTGTCATTAGC,3,4
1500,ACGATGTTCTTTACGT,2,3
1501,CCTTCCCAGCGCCTCA,3,4
1502,CCTCAGTGTACGACCC,4,3
1503,ACTGTCCAGTGCAAGC,3,4
1504,TGCTGCTGTCTAGTCA,4,3
1505,TGTGGTACATGTTGAC,3,4
1506,TGCACCTAGTCGATAA,3,4
1507,GCGCAGTGTCGGGTCT,1,0
1508,TGCGGGTGTGCTTCTC,3,4
1509,CTACACCGTGGTACAG,3,4
1510,CGTGAGCGTGACAAAT,3,4
1511,GCTGCGACAATAGCGG,4,3
1512,ACCTTTAAGAACAACT,3,4
1513,AGCTTGAGTATATCCG,2,3
1514,CTAAGACCATGTTCCC,3,4
1515,TGAAAGACATCTCCCA,3,4
1516,GGAATAATCTCGGACG,3,4
1517,GGGCACTTCGCTGATA,4,3
1518,CAGCGACCACCAGGCT,3,4
1519,TCAACGAGTATCAGTC,3,4
1520,TGGGCGTGTGATGTGG,9,0
1521,TATCTCAGTTAAGTAG,3,4
1522,CGGACGTGTTGTGGCC,1,0
1523,AACTCCCTCGCCAAAT,3,4
1524,CGTGAGCCAAATCCGT,1,0
1525,CTGCTGTGTGCCTGTG,1,0
1526,GGGACCTGTAAGCACG,3,4
1527,CCTACACTCCCTAACC,8,2
1528,CTGAAGTCATGGTTGT,1,0
1529,CGCCAAGCAGTTCCCT,3,4
1530,CGACCTTAGCCTCGTG,4,3
1531,CAAGTTGAGGAGTTTA,5,0
1532,TAGTTGGAGAAACGCC,3,4
1533,ATAGACCTCTCAACTT,3,4
1534,TCAGGTACACGGCTAC,3,4
1535,GTCGGGTCACTTCGAA,1,0
1536,AGACGTTAGTGGAGTC,9,0
1537,TGGCGCATCTTGTATC,9,0
1538,TTCGGTCTCTGTCTCG,3,4
1539,TACAGTGAGCTGCGAA,2,3
1540,CAACCTCCATACTCTT,2,3
1541,ATTTCTGCAATCTGCA,3,4
1542,ACGTCAAGTCACCCAG,9,0
1543,ACGATGTCAAGCTGAG,3,4
1544,TGGCGCAAGCTTATCG,3,4
1545,ATTATCCGTTCCAACA,0,1
1546,TCGTACCTCAGGCAAG,2,3
1547,GTACGTACACAAGACG,3,4
1548,CTACATTCAACACCCG,0,1
1549,AGAGCGATCCTCATTA,9,0
1550,AGCGGTCAGAGCTGCA,7,3
1551,ACGGCCAGTTTAAGCC,0,1
1552,TCTGGAATCTTATCTG,3,4
1553,TGGGAAGGTGGTGTAG,3,4
1554,ACTGATGCAATCGGTT,1,0
1555,ACCAGTAAGGATGCGT,0,1
1556,CCTCAGTTCTCCCTGA,2,3
1557,ATTTCTGTCAACACGT,3,4
1558,CACATTTTCGTTTGCC,2,3
1559,TCGTAGAAGTGTCCCG,3,4
1560,AGAGTGGTCTTGAGAC,3,4
1561,TGACTTTCAATGGTCT,3,4
1562,GGTGAAGAGATGCCAG,2,3
1563,AGCTCCTTCTTGAGGT,1,0
1564,AGACGTTAGACAGAGA,6,2
1565,TTGGCAATCCGCATAA,0,0
1566,TGCCCATTCGCGATCG,3,4
1567,TCAGGTATCACAATGC,0,0
1568,TTCTCCTGTTGAGGTG,3,4
1569,CCTTTCTCACGGATAG,9,0
1570,CACACAAAGATCGATA,10,0
1571,TACAGTGCATGCCCGA,0,0
1572,CTGCGGATCCCTCAGT,6,2
1573,ACCAGTATCAAGGCTT,1,0
1574,AACTTTCCACCACCAG,1,0
1575,CTCGGGATCAACCATG,2,3
1576,CCATTCGTCCCTGACT,0,1
1577,GAATAAGAGGCCGAAT,0,0
1578,CTGCCTACAGCATGAG,9,0
1579,TGGTTAGGTTGGACCC,6,2
1580,CCTCTGAAGCGTGTCC,9,0
1581,CGACCTTAGTTCCACA,9,0
1582,GGTATTGTCTACCTGC,0,0
1583,GATCGTACAGTTCCCT,4,3
1584,AGGCCGTCAGCGAACA,9,0
1585,GTGCAGCAGTGCTGCC,2,3
1586,ACATCAGTCGCTTAGA,0,1
1587,CGCCAAGAGTCACGCC,1,0
1588,CCCATACTCAAGGCTT,3,4
1589,CCTTTCTAGACTGGGT,1,0
1590,ACGCCAGCAAGCCATT,0,1
1591,ATCATCTTCACTCTTA,6,2
1592,GGTGCGTCAATGAATG,1,0
1593,GGAACTTCAATACGCT,6,2
1594,GATCGCGCACGAAACG,1,0
1595,GTCTCGTTCCGATATG,4,3
1596,TCGCGAGAGCTGCGAA,5,0
1597,GCCAAATGTTCACCTC,3,4
1598,GTCTTCGTCACCCTCA,0,0
1599,CAACCTCTCGAGCCCA,9,0
1600,CAGCAGCGTCTCAACA,3,4
1601,GCTGCGATCCATGAAC,6,2
1602,ACTGATGAGAAACCTA,2,3
1603,GATCGATTCCCAGGTG,3,4
1604,GTGCATAGTGTGCCTG,1,0
1605,CAGAGAGCACGTCTCT,0,0
1606,CCCATACCACGTAAGG,0,1
1607,AGCTCTCCAAAGTGCG,1,0
1608,TTCTACACATCTCCCA,9,0
1609,CTGGTCTCAGTAAGAT,3,4
1610,TCATTACGTTCCACAA,6,2
1611,CTTCTCTTCGTGTAGT,2,3
1612,TGACGGCAGACTGTAA,2,3
1613,CATTATCGTTGATTGC,3,4
1614,CAACCAACAATAGAGT,3,4
1615,GGCGTGTAGGCTCTTA,4,3
1616,GGACATTTCCACTCCA,3,4
